{
  "id": "2870997",
  "name": "ui",
  "font_family": "iconfont",
  "css_prefix_text": "icon-",
  "description": "",
  "glyphs": [
    {
      "icon_id": "577365",
      "name": "搜索",
      "font_class": "sousuo",
      "unicode": "e752",
      "unicode_decimal": 59218
    },
    {
      "icon_id": "6446307",
      "name": "标签1",
      "font_class": "tianchongxing-",
      "unicode": "e640",
      "unicode_decimal": 58944
    },
    {
      "icon_id": "8223328",
      "name": "爱心",
      "font_class": "aixin",
      "unicode": "e62f",
      "unicode_decimal": 58927
    },
    {
      "icon_id": "8289020",
      "name": "信息",
      "font_class": "xinxi",
      "unicode": "e86f",
      "unicode_decimal": 59503
    }
  ]
}
